Item Name/Number,NEW Price
Antari P,15.54
Antari MG-550,17.49
851-3025,20.69
Antari HZL-1,19.99
Antari BL-4,22.99
Antari HZL-1W,22.99
Antari FLM-05,23.99
Antari C-300,23.99
Antari EXT-1,19.88
Antari SL-H,26.99
Antari SL-AN,26.99
851-0025,30.99
Antari FLP-700,27.99
Antari SL-UV,24.84
Antari EXT-5,23.6
Antari FLC,32.49
Antari Z-10,28.56
Antari W-510-HB,28.56
Antari W-515-HB,28.56
Antari EXT-6,32.28
Antari FLL,32.49
Antari FLG,37.99
Antari FTA-1,36
Antari W-1A,36
Antari IP-1500-HB,36
Antari M-5-HB,36
Antari FTA-3,40.96
Antari HZL-4,49.99
Antari FTA-11,45.92
850-9025,87.8
Antari BCT-1,48.4
Antari HC-1,48.4
Antari SC-2,48.4
Antari Z-40,48.4
Antari Z-3,48.4
Antari FTA-2A,48.4
Antari Z-50,53.36
Antari Z-8,53.36
Antari FT-10,53.36
Antari FLP-6,67.99
Antari BCR-1,60.8
Antari HCR-1,60.8
Antari HZL-4W,69.99
Antari FLG-10,63.28
Antari SC-3,65.76
Antari Z-9,78.16
Antari MCR-1,78.16
Antari WTR-20,90.99
Antari WTR-10,90.99
Antari FLO-20,103.21
Antari DCP-12,115.36
Antari W-DMX-PCBR,134
Antari WTR-60,134
Antari DFX-UV06VP,144
Antari DFX-VL1GL-BGN,144
Antari DFX-VL1GL-BOR,144
Antari DFX-VL1GL-BRD,144
Antari DFX-VL1GL-BYL,144
Antari DFX-VL1GL-DBL,144
Antari DFX-VL1GL-DVL,144
Antari DFX-VL1GL-DYL,144
Antari DFX-VL1GL-HPK,144
Antari DFX-VL1GL-MGT,144
Antari M-20,127.76
Antari Z-20,127.76
Antari M-21,127.76