Reference code,NEW PRICE
Chauvet DJ CH05,19.62
Chauvet DJ CLP03,15.55
Chauvet DJ CLP02,17.4
851-3005,18.99
Chauvet Professional SC07,29.24
DMX5F3M,27.68
DMX3F5M,27.68
Trusst CTC-35SCX2,28.68
Chauvet DJ FCQ,21.47
851-3010,19.99
Trusst CLP-35HC,24.42
Chauvet Professional OVBGOBOMETAL,21.84
851-0005,20.54
PLIEC5FT,22.58
851-0010,22.77
Chauvet DJ CLP10,23.69
851-3025,30.69
TestForItemSync,37.28
Chauvet Professional 4PINEXT16IN,26.28
Chauvet Professional IP4PINEXT16IN,27.76
Chauvet DJ MINISTROBELED,29.24
Chauvet DJ CLP06,33.19
Chauvet DJ CLP05,29.98
Trusst CT-CONSPK,37.36
Chauvet DJ BJG,31.46
Trusst CT-PIN12,36.67
Chauvet DJ CLP15N,32.2
Chauvet Professional OVBGOBOGLASS,32.2
851-0025,40.99
Chauvet DJ CLP15,34.05
Chauvet DJ DF60X1D,35.16
Chauvet DJ SJU,35.16
Chauvet DJ FJU,35.9
Chauvet Professional CTC50HCN,35.9
Chauvet Professional CTC50G,35.9
Chauvet Professional IP4PINEXT5FT,35.9
Chauvet DJ HFG,45.86
Chauvet Professional HDF,38.86
Chauvet DJ SCISSORCLIPS,39.16
Chauvet DJ HDF,39.23
851-3050,39.99
PLPK6IN,39.6
Chauvet Professional OF325BARNDOOR,39.6
Chauvet ETHERCONEXT18IN,41.08
Chauvet ETHERCONEXT5FT,42.56
Chauvet DJ FRC,39.99
CDIPSIG5,39.99
Chauvet DJ CLP25N,44.78
Chauvet Professional IP5POWER,47
Chauvet Professional IP5SIG,47
Chauvet Professional IPDMX5P5FT,47
Chauvet DJ FCW,48.48
Chauvet DJ FCT,48.48
Chauvet DJ IRC6,48.48
Trusst QT-CONICAL,52.24
850-9005,65.2
Chauvet DJ QDF,50.7
Chauvet Professional CTC50HC,51.44
Trusst QT-PIN12,54.72
Chauvet Professional LLG,53.66
POWERCONEXT18IN,54.4
Chauvet Professional IPDMX5P10FT,54.4
Chauvet Professional CDASHP7BARNDOOR,55.88
POWERCONEXT5FT,67.72
Chauvet ETHERCONEXT10FT,61.8
Chauvet Professional PHF,61.8
Chauvet Professional IPPOWERKONEXT5FT,61.8
Trusst CT-CONKITB,77.56
Trusst CT-CONKIT6WAY,75.78
Chauvet Professional OVATION OV7560HNYCOMB,64.76
Chauvet DJ XPRESSREMOTE,59.99
Chauvet DJ CHS40,59.99
Chauvet DJ CHS60,59.99
Trusst CT-CONKIT,77.56
POWERCONEXT10FT,67.72
Chauvet Professional IPDMX5P25FT,69.2
Chauvet Professional IPPOWERKONEXT10FT,69.2
Chauvet Professional CDASHP18BARNDOOR,70.68
Trusst CT-40110P,84.67
Trusst CTC50SCL,62.7
Trusst CT-TENT,88.22
Chauvet DJ CHSSP4,69.99
Chauvet DJ CHS25,69.99
Chauvet DJ CHS30,69.99
Chauvet DJ CHSFR4,69.99
Chauvet DJ CHSTR3,69.99
Chauvet DJ H700,78.82
850-9050,118.22
Chauvet DJ DFIUSB,72.99
Chauvet DJ EZlinkFSBT,72.99
Chauvet DJ DJBANK,84
Chauvet DJ OBEY3,79.99
Trusst CT290-4105SK,104.22
Chauvet ETHERCONEXT25FT,88.44
POWERCONEXT25FT,89.92
Chauvet DJ DUOMOON,89.92
Trusst CT-SC20W,106.89
Chauvet DJ CH06,92.88
Trusst CT-SCDUO,113.11
Trusst CHS-GOAL,114.89
Chauvet Professional IPPOWERKONEXT25FT,98.8
Chauvet Professional IPFLEXEXT50FT,98.8
Chauvet DJ CHS50,99.99
Chauvet DJ CH03,110.64
Trusst CT290-4112B,134.44
Chauvet DJ SLIMPAR56,109.99
Chauvet DJ OBEY4,109.99
Chauvet DJ CHSBPK,109.99
Chauvet Professional IP4PINEXT50FT,121
Chauvet DJ B250,119.99
Chauvet Professional OVIRIS,135.8
Chauvet DJ OBEY6,129.99
Chauvet DJ MINIKINTAIRC,129.99
Chauvet DJ CHS2XX,129.99
Chauvet DJ COLORSTRIPMINI,139.99
Chauvet DJ NIMBUSCART,139.99
Chauvet DJ H1000,139.99
Chauvet DJ DMXRT,139.99
Chauvet DJ CHS360,139.99
Chauvet DJ BOBLED,157.26