Item Name/Number,Price
Align IWI06,18.04
D707,18.4
Align IWCBPG,28.24
Align IWC09,18.97
D107,19.61
D708,19.5
Align P305,20.27
Align IWI07,20.33
D709,21.69
D101 Red,22.23
D101 Burgundy,22.58
D101 Plum,22.58
D101 Violet,22.58
D101 Raspberry,22.58
D101 Dusty Rose,22.58
D101 Dove,22.58
D101 Champagne,22.58
D101 Yellow,22.58
D101 Gold,22.58
D101 Hunter Green,22.58
D101 Forest Green,22.58
D101 Willow,22.58
D101 Teal,22.58
D101 Expo Blue,22.58
D101 Royal Blue,22.58
D101 Navy Blue,22.58
D101 Black,22.58
D101 Silver,22.58
D101 White,22.58
D101 Snow White,22.58
Align IWI11,21.51
Align IWC06,21.57
Align IWI20,22.13
Align IWI28,22.63
Align IWC26,23.37
D701 Black,23.51
D701 Ivory,23.51
D701 White,23.51
D701 Burgundy,23.51
D701 Hunter Green,23.51
D701 Royal Blue,23.51
D701 Navy Blue,23.51
Align IWC20,24.42
Align IWC18,25.79
Align IWI21,26.53
P309,26.78
Align IWC05,27.09
D103 Red,26.94
D103 Burgundy,26.94
D103 Violet,26.94
D103 Champagne,26.94
D103 Snow White,26.94
D103 White,26.94
D103 Silver,26.94
D103 Black,26.94
D103 Royal Blue,26.94
D103 Navy Blue,26.94
D103 Expo Blue,26.94
D103 Teal,26.94
D103 Willow,26.94
D103 Forest Green,26.94
D103 Hunter Green,26.94
D103 Gold,26.94
D103 Yellow,26.94
D103 Dove,26.94
D103 Dusty Rose,26.94
D103 Raspberry,26.94
D103 Plum,26.94
Align P310,27.96
Align IWI19,31.12
D104 Red,32.35
D104 Burgundy,32.35
D104 Violet,32.35
D104 Plum,32.35
D104 Raspberry,32.35
D104 Dusty Rose,32.35
D104 Dove,32.35
D104 Champagne,32.35
D104 Yellow,32.35
D104 Gold,32.35
D104 Hunter Green,32.35
D104 Forest Green,32.35
D104 Willow,32.35
D104 Teal,32.35
D104 Expo Blue,32.35
D104 Royal Blue,32.35
D104 Navy Blue,32.35
D104 Black,32.35
D104 Silver,32.35
D104 White,32.35
D104 Snow White,32.35
D703 Burgundy,32.78
D703 Hunter Green,32.78
D703 Royal Blue,32.78
D703 Navy Blue,32.78
D703 Red,32.78
D703 Black,32.78
D703 Ivory,32.78
D703 White,32.78
D102 Snow White,33.49
D102 White,33.49
D102 Silver,33.49
D102 Black,33.49
D102 Navy Blue,33.49
D102 Royal Blue,33.49
D102 Expo Blue,33.49
D102 Teal,33.49
D102 Willow,33.49
D102 Forest Green,33.49
D102 Hunter Green,33.49
D102 Gold,33.49
D102 Yellow,33.49
D102 Dove,33.49
D102 Dusty Rose,33.49
D102 Raspberry,33.49
D105 Plum,33.49
D102 Violet,33.49
D102 Burgundy,33.49
D102 Red,33.49
D102 Champagne,33.49
D105 Red,33.49
D105 Burgundy,33.49
D105 Violet,33.49
D102 Plum,33.49
D105 Raspberry,33.49
D105 Dusty Rose,33.49
D105 Dove,33.49
D105 Yellow,33.49
D105 Gold,33.49
D105 Hunter Green,33.49
D105 Forest Green,33.49
D105 Willow,33.49
D105 Teal,33.49
D105 Expo Blue,33.49
D105 Royal Blue,33.49
D105 Navy Blue,33.49
D105 Black,33.49
D105 Silver,33.49
D105 White,33.49
D105 Snow White,33.49
Align P311,34.28
P307,36.78
P308,36.78
1.5BP-6,39.99
D704 Beige,37.48
Align P202,37.32
Align IWC19,38.56
Align IWI04,38.68
D702 Ivory,39.35
D702 Red,39.35
D702 Burgundy,39.35
D702 Hunter Green,39.35
D702 Royal Blue,39.35
D702 Navy Blue,39.35
D702 Black,39.35
D702 White,39.35
Align IWI18,39.24
SERGE-BLK,67.16
D705,46.48
Align S205,42.78
Align IWC04,42.96
MSB15,66.88
P305XP,45
Align IWC07,46.56
P305XW,49.32
MSB25,49.96
Align IWI03,52.26
Align S906,53.44
Align IWI29,53.56
MSB50,71.95
Align IWC08,56.48
Align IWC03,64.04
SB1010,69.56
Align IWC19OM,71.3
B515EP,82.4
MPSB30,111
DRAPE-BAG-S,108.5