NEW MAP,Purchase Price,Vendor: Purchase Price,Item Name/Number
2.49,1.10,1.10,Nady Audio BFC-12
3.49,1.65,1.65,Nady Audio CWS-1 Gray
3.49,1.65,1.65,Nady Audio CWS-1 Orange
3.49,1.65,1.65,Nady Audio CWS-1 Red
3.49,1.65,1.65,Nady Audio CWS-1 Yellow
3.49,1.65,1.65,Nady Audio CWS-1 Blue
3.49,1.65,1.65,Nady Audio CWS-1 Black
4.99,2.31,2.31,Nady Audio WMC-11
10.99,5.50,5.50,Nady Audio MSA-100/200A
16.99,8.25,8.25,Nady Audio CWS-5
18.99,15.40,15.40,Nady Audio SP-4C
21.99,9.90,9.90,Nady Audio PAD-1
25.99,12.65,12.65,Nady Audio SPF-1
31.99,21.00,21.00,Nady Audio AxeHead
32.99,20.90,20.90,Nady Audio MM-141
32.99,23.10,23.10,Nady Audio DM-70
36.99,24.20,24.20,Nady Audio SMPS-1X
39.99,26.40,26.40,Nady Audio DM-80
43.99,25.30,25.30,Nady Audio MM-14FX
43.99,25.30,25.30,Nady Audio MM-242
43.99,22.00,22.00,Nady Wireless HM-45U HEADMIC LP
43.99,22.00,22.00,Nady Audio HM-45U
43.99,22.00,22.00,Nady Wireless HM-45U
43.99,22.00,22.00,Nady Wireless HM-35
52.99,36.30,36.30,Nady Audio SMPS-2X
54.99,38.50,38.50,Nady Audio OHCM-200
54.99,38.50,38.50,Nady Audio CM-88
54.99,38.50,38.50,Nady Audio DJH-2000BT
65.99,46.20,46.20,Nady Audio DM-90
65.99,34.10,34.10,Nady Audio HM-10
65.99,34.10,34.10,Nady Wireless HM-10
79.99,57.20,57.20,Nady Audio DSM-1X
79.99,38.50,38.50,Nady Wireless HM-20U-BLK-3.5
79.99,38.50,38.50,Nady Wireless HM-20U
79.99,38.50,38.50,Nady Audio HM-20U
89.99,62.70,62.70,Nady Audio USB-1CX
93.99,67.10,67.10,Nady Audio PM-100
99.99,69.30,69.30,Nady Audio PCM-100
99.99,64.99,64.99,Nady Audio PCM-200
109.99,79.20,79.20,Nady Audio CYM-2
109.99,77.00,77.00,Nady Audio RSM-5
109.99,79.20,79.20,Nady Audio GEQ-215
114.99,80.49,80.49,Nady Wireless DW-11 HT
114.99,80.49,80.49,Nady Wireless DW-11 LT
119.99,78.64,78.64,Nady Audio CX-23SW
131.99,91.30,91.30,Nady Audio CX-22SW
131.99,92.40,92.40,Nady Audio RMX-6
131.99,92.40,92.40,Nady Wireless U-1100 HM-3
131.99,92.40,92.40,Nady Wireless U-1100 GT
139.99,91.30,91.30,Nady Audio DMK-5
159.99,110.00,110.00,Nady Audio HPA-8
169.99,119.69,119.69,Nady Wireless DW-22 HM-3
169.99,119.69,119.69,Nady Wireless DW-22 HT
169.99,119.69,119.69,Nady Wireless DW-22 LT
209.99,152.90,152.90,Nady Audio PM-200A
209.99,145.20,145.20,Nady Audio DMK-7
229.99,162.46,162.46,CenterStage Satellite SMGT-100A
229.99,162.46,162.46,CenterStage Satellite SMGT-100R
229.99,166.10,166.10,Nady Audio DMK-7C
239.99,169.39,169.39,CenterStage Satellite SMHT-100
269.99,184.79,184.79,Nady Wireless W-1KU HT
439.99,307.99,307.99,Nady Wireless 2W-1KU GT
439.99,307.99,307.99,Nady Wireless 2W-1KU LT/O
439.99,307.99,307.99,Nady Wireless 2W-1KU HT
439.99,307.99,307.99,Nady Wireless 2W-1KU HT-LT
769.99,538.99,538.99,Nady Wireless 4W-1KU HTLT
769.99,538.99,538.99,Nady Wireless 4W-1KU LT
769.99,538.99,538.99,Nady Wireless 4W-1KU HT
879.99,615.99,615.99,Nady Wireless 4W-1KU HM-10
1399.99,1000.99,1000.99,Nady Wireless 8W-1KU GT
1399.99,1000.99,1000.99,Nady Wireless 8W-1KU HT-LT
1399.99,1000.99,1000.99,Nady Wireless 8W-1KU LT
1399.99,1000.99,1000.99,Nady Wireless 8W-1KU HT
1599.99,1124.19,1124.19,Nady Wireless 8W-1KU HM-10